,,,,,,,,,,,,,,,,,,,,,,,
,,,,,,,,,,,,Date,Valeur Produit,Valeur Benchmark,Perf daily Produit,Perf daily Benchmark,Ecart perf daily,"Colonne Peak
Global","Colonne Drawdown
Global","Colonne Peak
2011","Colonne Drawdown
2011","Colonne Peak
2012","Colonne Drawdown
2012"
,Période,Date début,Date fin,P&L,Perf,PerfAnn,Vol,MaxDD,Tracking Error,,,12/31/2010,"69,87","96,49",,,,"69,87",,"69,87",,,
,Global,12/31/2010,9/25/2012,"19,47","27,9%","15,2%","14,3%","-12,81%","9,54%",,,1/3/2011,"70,34","97,47","0,673%","1,016%","-0,343%","70,34","0,00%","70,34","0,00%",,
,2011,12/31/2010,12/30/2011,"1,38","2,0%","2,0%","15,3%","-12,81%","10,03%",,,1/4/2011,"70,31","97,18","-0,043%","-0,298%","0,255%","70,34","-0,04%","70,34","-0,04%",,
,2012,12/30/2011,9/25/2012,"18,09","25,4%","35,8%","12,7%","-6,14%","8,86%",,,1/5/2011,"70,21","98,26","-0,142%","1,111%","-1,254%","70,34","-0,18%","70,34","-0,18%",,
,,,,,,,,,,,,1/6/2011,"70,06","99,1","-0,214%","0,855%","-1,069%","70,34","-0,40%","70,34","-0,40%",,
,,,,,,,,,,,,1/7/2011,"70,09","98,99","0,043%","-0,111%","0,154%","70,34","-0,36%","70,34","-0,36%",,
,,,,,,,,,,,,1/10/2011,"69,81","98,56","-0,399%","-0,434%","0,035%","70,34","-0,75%","70,34","-0,75%",,
,,,,,,,,,,,,1/11/2011,"70,54","99,41","1,046%","0,862%","0,183%","70,54","0,00%","70,54","0,00%",,
,,,,,,,,,,,,1/12/2011,"70,54","100,08","0,000%","0,674%","-0,674%","70,54","0,00%","70,54","0,00%",,
,,,,,,,,,,,,1/13/2011,"70,05","98,33","-0,695%","-1,749%","1,054%","70,54","-0,69%","70,54","-0,69%",,
,,,,,,,,,,,,1/14/2011,"69,54","98,18","-0,728%","-0,153%","-0,576%","70,54","-1,42%","70,54","-1,42%",,
,,,,,,,,,,,,1/17/2011,"69,91","98,69","0,532%","0,519%","0,013%","70,54","-0,89%","70,54","-0,89%",,
,,,,,,,,,,,,1/18/2011,"70,41","98,41","0,715%","-0,284%","0,999%","70,54","-0,18%","70,54","-0,18%",,
,,,,,,,,,,,,1/19/2011,"69,77","97,6","-0,909%","-0,823%","-0,086%","70,54","-1,09%","70,54","-1,09%",,
,,,,,,,,,,,,1/20/2011,"68,76","96,42","-1,448%","-1,209%","-0,239%","70,54","-2,52%","70,54","-2,52%",,
,,,,,,,,,,,,1/21/2011,"68,54","96,45","-0,320%","0,031%","-0,351%","70,54","-2,84%","70,54","-2,84%",,
,,,,,,,,,,,,1/24/2011,"68,85","96,14","0,452%","-0,321%","0,774%","70,54","-2,40%","70,54","-2,40%",,
,,,,,,,,,,,,1/25/2011,"68,92","95,99","0,102%","-0,156%","0,258%","70,54","-2,30%","70,54","-2,30%",,
,,,,,,,,,,,,1/26/2011,"69,42","96,64","0,725%","0,677%","0,048%","70,54","-1,59%","70,54","-1,59%",,
,,,,,,,,,,,,1/27/2011,"69,07","96,52","-0,504%","-0,124%","-0,380%","70,54","-2,08%","70,54","-2,08%",,
,,,,,,,,,,,,1/28/2011,"68,76","96,09","-0,449%","-0,446%","-0,003%","70,54","-2,52%","70,54","-2,52%",,
,,,,,,,,,,,,1/31/2011,"68,74","95,53","-0,029%","-0,583%","0,554%","70,54","-2,55%","70,54","-2,55%",,
,,,,,,,,,,,,2/1/2011,"69,49","96,76","1,091%","1,288%","-0,196%","70,54","-1,49%","70,54","-1,49%",,
,,,,,,,,,,,,2/2/2011,"69,46","97,04","-0,043%","0,289%","-0,333%","70,54","-1,53%","70,54","-1,53%",,
,,,,,,,,,,,,2/3/2011,"69,4","97,71","-0,086%","0,690%","-0,777%","70,54","-1,62%","70,54","-1,62%",,
,,,,,,,,,,,,2/4/2011,"69,56","98,26","0,231%","0,563%","-0,332%","70,54","-1,39%","70,54","-1,39%",,
,,,,,,,,,,,,2/7/2011,"69,76","99,52","0,288%","1,282%","-0,995%","70,54","-1,11%","70,54","-1,11%",,
,,,,,,,,,,,,2/8/2011,"69,73","98,72","-0,043%","-0,804%","0,761%","70,54","-1,15%","70,54","-1,15%",,
,,,,,,,,,,,,2/9/2011,"69,35","98,31","-0,545%","-0,415%","-0,130%","70,54","-1,69%","70,54","-1,69%",,
,,,,,,,,,,,,2/10/2011,"69,22","98,61","-0,187%","0,305%","-0,493%","70,54","-1,87%","70,54","-1,87%",,
,,,,,,,,,,,,2/11/2011,"69,09","99,51","-0,188%","0,913%","-1,100%","70,54","-2,06%","70,54","-2,06%",,
,,,,,,,,,,,,2/14/2011,"69,54","100,12","0,651%","0,613%","0,038%","70,54","-1,42%","70,54","-1,42%",,
,,,,,,,,,,,,2/15/2011,"69,71","100,16","0,244%","0,040%","0,205%","70,54","-1,18%","70,54","-1,18%",,
,,,,,,,,,,,,2/16/2011,"69,79","100,29","0,115%","0,130%","-0,015%","70,54","-1,06%","70,54","-1,06%",,
,,,,,,,,,,,,2/17/2011,"69,77","100,25","-0,029%","-0,040%","0,011%","70,54","-1,09%","70,54","-1,09%",,
,,,,,,,,,,,,2/18/2011,"69,99","100,4","0,315%","0,150%","0,166%","70,54","-0,78%","70,54","-0,78%",,
,,,,,,,,,,,,2/21/2011,"69,33","99,27","-0,943%","-1,125%","0,183%","70,54","-1,72%","70,54","-1,72%",,
,,,,,,,,,,,,2/22/2011,"69,03","98,72","-0,433%","-0,554%","0,121%","70,54","-2,14%","70,54","-2,14%",,
,,,,,,,,,,,,2/23/2011,"68,58","97,24","-0,652%","-1,499%","0,847%","70,54","-2,78%","70,54","-2,78%",,
,,,,,,,,,,,,2/24/2011,"68,55","96,73","-0,044%","-0,524%","0,481%","70,54","-2,82%","70,54","-2,82%",,
,,,,,,,,,,,,2/25/2011,"69,18","97,9","0,919%","1,210%","-0,291%","70,54","-1,93%","70,54","-1,93%",,
,,,,,,,,,,,,2/28/2011,"69,33","98,33","0,217%","0,439%","-0,222%","70,54","-1,72%","70,54","-1,72%",,
,,,,,,,,,,,,3/1/2011,"69,73","97,88","0,577%","-0,458%","1,035%","70,54","-1,15%","70,54","-1,15%",,
,,,,,,,,,,,,3/2/2011,"69,2","96,97","-0,760%","-0,930%","0,170%","70,54","-1,90%","70,54","-1,90%",,
,,,,,,,,,,,,3/3/2011,"69,51","97,5","0,448%","0,547%","-0,099%","70,54","-1,46%","70,54","-1,46%",,
,,,,,,,,,,,,3/4/2011,"69,3","97,13","-0,302%","-0,379%","0,077%","70,54","-1,76%","70,54","-1,76%",,
,,,,,,,,,,,,3/7/2011,"69,22","96,25","-0,115%","-0,906%","0,791%","70,54","-1,87%","70,54","-1,87%",,
,,,,,,,,,,,,3/8/2011,"69,28","97,16","0,087%","0,945%","-0,859%","70,54","-1,79%","70,54","-1,79%",,
,,,,,,,,,,,,3/9/2011,"69,28","96,77","0,000%","-0,401%","0,401%","70,54","-1,79%","70,54","-1,79%",,
,,,,,,,,,,,,3/10/2011,"69,11","95,87","-0,245%","-0,930%","0,685%","70,54","-2,03%","70,54","-2,03%",,
,,,,,,,,,,,,3/11/2011,"68,29","95,21","-1,187%","-0,688%","-0,498%","70,54","-3,19%","70,54","-3,19%",,
,,,,,,,,,,,,3/14/2011,"67,52","92,78","-1,128%","-2,552%","1,425%","70,54","-4,28%","70,54","-4,28%",,
,,,,,,,,,,,,3/15/2011,"66,39","91,67","-1,674%","-1,196%","-0,477%","70,54","-5,88%","70,54","-5,88%",,
,,,,,,,,,,,,3/16/2011,"65,43","91,26","-1,446%","-0,447%","-0,999%","70,54","-7,24%","70,54","-7,24%",,
,,,,,,,,,,,,3/17/2011,"66,02","91,77","0,902%","0,559%","0,343%","70,54","-6,41%","70,54","-6,41%",,
,,,,,,,,,,,,3/18/2011,"66,54","91,78","0,788%","0,011%","0,777%","70,54","-5,67%","70,54","-5,67%",,
,,,,,,,,,,,,3/21/2011,"67,43","93,11","1,338%","1,449%","-0,112%","70,54","-4,41%","70,54","-4,41%",,
,,,,,,,,,,,,3/22/2011,"67,38","92,8","-0,074%","-0,333%","0,259%","70,54","-4,48%","70,54","-4,48%",,
,,,,,,,,,,,,3/23/2011,"68,11","93,24","1,083%","0,474%","0,609%","70,54","-3,44%","70,54","-3,44%",,
,,,,,,,,,,,,3/24/2011,"68,68","94,08","0,837%","0,901%","-0,064%","70,54","-2,64%","70,54","-2,64%",,
,,,,,,,,,,,,3/25/2011,"68,82","94,91","0,204%","0,882%","-0,678%","70,54","-2,44%","70,54","-2,44%",,
,,,,,,,,,,,,3/28/2011,"68,85","94,47","0,044%","-0,464%","0,507%","70,54","-2,40%","70,54","-2,40%",,
,,,,,,,,,,,,3/29/2011,"69,04","94,54","0,276%","0,074%","0,202%","70,54","-2,13%","70,54","-2,13%",,
,,,,,,,,,,,,3/30/2011,"69,6","95,57","0,811%","1,089%","-0,278%","70,54","-1,33%","70,54","-1,33%",,
,,,,,,,,,,,,3/31/2011,"69,31","94,93","-0,417%","-0,670%","0,253%","70,54","-1,74%","70,54","-1,74%",,
,,,,,,,,,,,,4/1/2011,"70,13","95,77","1,183%","0,885%","0,298%","70,54","-0,58%","70,54","-0,58%",,
,,,,,,,,,,,,4/4/2011,"70,11","95,33","-0,029%","-0,459%","0,431%","70,54","-0,61%","70,54","-0,61%",,
,,,,,,,,,,,,4/5/2011,"70,41","95,27","0,428%","-0,063%","0,491%","70,54","-0,18%","70,54","-0,18%",,
,,,,,,,,,,,,4/6/2011,"70,4","94,85","-0,014%","-0,441%","0,427%","70,54","-0,20%","70,54","-0,20%",,
,,,,,,,,,,,,4/7/2011,"70,16","94,66","-0,341%","-0,200%","-0,141%","70,54","-0,54%","70,54","-0,54%",,
,,,,,,,,,,,,4/8/2011,"70,11","94,36","-0,071%","-0,317%","0,246%","70,54","-0,61%","70,54","-0,61%",,
,,,,,,,,,,,,4/11/2011,"70,11","94,45","0,000%","0,095%","-0,095%","70,54","-0,61%","70,54","-0,61%",,
,,,,,,,,,,,,4/12/2011,"69,6","92,66","-0,727%","-1,895%","1,168%","70,54","-1,33%","70,54","-1,33%",,
,,,,,,,,,,,,4/13/2011,"70,13","93,14","0,761%","0,518%","0,243%","70,54","-0,58%","70,54","-0,58%",,
,,,,,,,,,,,,4/14/2011,"70,18","92,77","0,071%","-0,397%","0,469%","70,54","-0,51%","70,54","-0,51%",,
,,,,,,,,,,,,4/15/2011,"70,98","93,45","1,140%","0,733%","0,407%","70,98","0,00%","70,98","0,00%",,
,,,,,,,,,,,,4/18/2011,"70,45","92,92","-0,747%","-0,567%","-0,180%","70,98","-0,75%","70,98","-0,75%",,
,,,,,,,,,,,,4/19/2011,"70,91","92,93","0,653%","0,011%","0,642%","70,98","-0,10%","70,98","-0,10%",,
,,,,,,,,,,,,4/20/2011,"71,72","94,11","1,142%","1,270%","-0,127%","71,72","0,00%","71,72","0,00%",,
,,,,,,,,,,,,4/21/2011,"71,93","94,05","0,293%","-0,064%","0,357%","71,93","0,00%","71,93","0,00%",,
,,,,,,,,,,,,4/22/2011,"71,93","94,05","0,000%","0,000%","0,000%","71,93","0,00%","71,93","0,00%",,
,,,,,,,,,,,,4/25/2011,"71,93","94,05","0,000%","0,000%","0,000%","71,93","0,00%","71,93","0,00%",,
,,,,,,,,,,,,4/26/2011,72,"94,34","0,097%","0,308%","-0,211%",72,"0,00%",72,"0,00%",,
,,,,,,,,,,,,4/27/2011,"71,84","94,19","-0,222%","-0,159%","-0,063%",72,"-0,22%",72,"-0,22%",,
,,,,,,,,,,,,4/28/2011,"71,73","94,31","-0,153%","0,127%","-0,281%",72,"-0,37%",72,"-0,37%",,
,,,,,,,,,,,,4/29/2011,"72,11","94,61","0,530%","0,318%","0,212%","72,11","0,00%","72,11","0,00%",,
,,,,,,,,,,,,5/2/2011,"72,38","94,77","0,374%","0,169%","0,205%","72,38","0,00%","72,38","0,00%",,
,,,,,,,,,,,,5/3/2011,"72,43","93,9","0,069%","-0,918%","0,987%","72,43","0,00%","72,43","0,00%",,
,,,,,,,,,,,,5/4/2011,"71,96","92,92","-0,649%","-1,044%","0,395%","72,43","-0,65%","72,43","-0,65%",,
,,,,,,,,,,,,5/5/2011,"71,83","93,54","-0,181%","0,667%","-0,848%","72,43","-0,83%","72,43","-0,83%",,
,,,,,,,,,,,,5/6/2011,"72,74","95,17","1,267%","1,743%","-0,476%","72,74","0,00%","72,74","0,00%",,
,,,,,,,,,,,,5/9/2011,"72,57","95,76","-0,234%","0,620%","-0,854%","72,74","-0,23%","72,74","-0,23%",,
,,,,,,,,,,,,5/10/2011,"73,08","96,05","0,703%","0,303%","0,400%","73,08","0,00%","73,08","0,00%",,
,,,,,,,,,,,,5/11/2011,"73,43","96,19","0,479%","0,146%","0,333%","73,43","0,00%","73,43","0,00%",,
,,,,,,,,,,,,5/12/2011,"73,2","95,77","-0,313%","-0,437%","0,123%","73,43","-0,31%","73,43","-0,31%",,
,,,,,,,,,,,,5/13/2011,"73,31","95,96","0,150%","0,198%","-0,048%","73,43","-0,16%","73,43","-0,16%",,
,,,,,,,,,,,,5/16/2011,"73,39","95,53","0,109%","-0,448%","0,557%","73,43","-0,05%","73,43","-0,05%",,
,,,,,,,,,,,,5/17/2011,"72,72","94,68","-0,913%","-0,890%","-0,023%","73,43","-0,97%","73,43","-0,97%",,
,,,,,,,,,,,,5/18/2011,"72,95","95,05","0,316%","0,391%","-0,075%","73,43","-0,65%","73,43","-0,65%",,
,,,,,,,,,,,,5/19/2011,"73,39","95,3","0,603%","0,263%","0,340%","73,43","-0,05%","73,43","-0,05%",,
,,,,,,,,,,,,5/20/2011,"73,12","95,44","-0,368%","0,147%","-0,515%","73,43","-0,42%","73,43","-0,42%",,
,,,,,,,,,,,,5/23/2011,"72,51","94,72","-0,834%","-0,754%","-0,080%","73,43","-1,25%","73,43","-1,25%",,
,,,,,,,,,,,,5/24/2011,"72,56","94,65","0,069%","-0,074%","0,143%","73,43","-1,18%","73,43","-1,18%",,
,,,,,,,,,,,,5/25/2011,"72,96","94,9","0,551%","0,264%","0,287%","73,43","-0,64%","73,43","-0,64%",,
,,,,,,,,,,,,5/26/2011,"72,88","94,99","-0,110%","0,095%","-0,204%","73,43","-0,75%","73,43","-0,75%",,
,,,,,,,,,,,,5/27/2011,"73,3","95,08","0,576%","0,095%","0,482%","73,43","-0,18%","73,43","-0,18%",,
,,,,,,,,,,,,5/30/2011,"73,41","95,05","0,150%","-0,032%","0,182%","73,43","-0,03%","73,43","-0,03%",,
,,,,,,,,,,,,5/31/2011,"73,99","95,37","0,790%","0,337%","0,453%","73,99","0,00%","73,99","0,00%",,
,,,,,,,,,,,,6/1/2011,"73,75","94,23","-0,324%","-1,195%","0,871%","73,99","-0,32%","73,99","-0,32%",,
,,,,,,,,,,,,6/2/2011,"73,31","92,72","-0,597%","-1,602%","1,006%","73,99","-0,92%","73,99","-0,92%",,
,,,,,,,,,,,,6/3/2011,"73,2","92,09","-0,150%","-0,679%","0,529%","73,99","-1,07%","73,99","-1,07%",,
,,,,,,,,,,,,6/6/2011,"73,24","91,24","0,055%","-0,923%","0,978%","73,99","-1,01%","73,99","-1,01%",,
,,,,,,,,,,,,6/7/2011,"72,91","90,91","-0,451%","-0,362%","-0,089%","73,99","-1,46%","73,99","-1,46%",,
,,,,,,,,,,,,6/8/2011,"72,23","90,78","-0,933%","-0,143%","-0,790%","73,99","-2,38%","73,99","-2,38%",,
,,,,,,,,,,,,6/9/2011,"72,58","91,37","0,485%","0,650%","-0,165%","73,99","-1,91%","73,99","-1,91%",,
,,,,,,,,,,,,6/10/2011,"72,58","90,98","0,000%","-0,427%","0,427%","73,99","-1,91%","73,99","-1,91%",,
,,,,,,,,,,,,6/13/2011,"72,32","90,93","-0,358%","-0,055%","-0,303%","73,99","-2,26%","73,99","-2,26%",,
,,,,,,,,,,,,6/14/2011,"72,85","91,63","0,733%","0,770%","-0,037%","73,99","-1,54%","73,99","-1,54%",,
,,,,,,,,,,,,6/15/2011,"72,21","91,67","-0,879%","0,044%","-0,922%","73,99","-2,41%","73,99","-2,41%",,
,,,,,,,,,,,,6/16/2011,"71,81","91,46","-0,554%","-0,229%","-0,325%","73,99","-2,95%","73,99","-2,95%",,
,,,,,,,,,,,,6/17/2011,"71,94","91,2","0,181%","-0,284%","0,465%","73,99","-2,77%","73,99","-2,77%",,
,,,,,,,,,,,,6/20/2011,"71,68","90,72","-0,361%","-0,526%","0,165%","73,99","-3,12%","73,99","-3,12%",,
,,,,,,,,,,,,6/21/2011,"72,29","91,94","0,851%","1,345%","-0,494%","73,99","-2,30%","73,99","-2,30%",,
,,,,,,,,,,,,6/22/2011,"72,05","91,63","-0,332%","-0,337%","0,005%","73,99","-2,62%","73,99","-2,62%",,
,,,,,,,,,,,,6/23/2011,"71,29","91,06","-1,055%","-0,622%","-0,433%","73,99","-3,65%","73,99","-3,65%",,
,,,,,,,,,,,,6/24/2011,"71,5","91,46","0,295%","0,439%","-0,145%","73,99","-3,37%","73,99","-3,37%",,
,,,,,,,,,,,,6/27/2011,"71,73","90,84","0,322%","-0,678%","1,000%","73,99","-3,05%","73,99","-3,05%",,
,,,,,,,,,,,,6/28/2011,"71,99","91,55","0,362%","0,782%","-0,419%","73,99","-2,70%","73,99","-2,70%",,
,,,,,,,,,,,,6/29/2011,"72,46","92,64","0,653%","1,191%","-0,538%","73,99","-2,07%","73,99","-2,07%",,
,,,,,,,,,,,,6/30/2011,"73,05","93,26","0,814%","0,669%","0,145%","73,99","-1,27%","73,99","-1,27%",,
,,,,,,,,,,,,7/1/2011,"73,03","93,98","-0,027%","0,772%","-0,799%","73,99","-1,30%","73,99","-1,30%",,
,,,,,,,,,,,,7/4/2011,"73,4","94,32","0,507%","0,362%","0,145%","73,99","-0,80%","73,99","-0,80%",,
,,,,,,,,,,,,7/5/2011,"73,6","94,48","0,272%","0,170%","0,103%","73,99","-0,53%","73,99","-0,53%",,
,,,,,,,,,,,,7/6/2011,"73,55","93,29","-0,068%","-1,260%","1,192%","73,99","-0,59%","73,99","-0,59%",,
,,,,,,,,,,,,7/7/2011,"74,17","94,15","0,843%","0,922%","-0,079%","74,17","0,00%","74,17","0,00%",,
,,,,,,,,,,,,7/8/2011,74,"93,82","-0,229%","-0,351%","0,121%","74,17","-0,23%","74,17","-0,23%",,
,,,,,,,,,,,,7/11/2011,"73,32","93,49","-0,919%","-0,352%","-0,567%","74,17","-1,15%","74,17","-1,15%",,
,,,,,,,,,,,,7/12/2011,"72,97","93,41","-0,477%","-0,086%","-0,392%","74,17","-1,62%","74,17","-1,62%",,
,,,,,,,,,,,,7/13/2011,"73,03","93,68","0,082%","0,289%","-0,207%","74,17","-1,54%","74,17","-1,54%",,
,,,,,,,,,,,,7/14/2011,"72,66","92,75","-0,507%","-0,993%","0,486%","74,17","-2,04%","74,17","-2,04%",,
,,,,,,,,,,,,7/15/2011,"72,43","92,53","-0,317%","-0,237%","-0,079%","74,17","-2,35%","74,17","-2,35%",,
,,,,,,,,,,,,7/18/2011,"71,8","91,77","-0,870%","-0,821%","-0,048%","74,17","-3,20%","74,17","-3,20%",,
,,,,,,,,,,,,7/19/2011,"71,95","92,51","0,209%","0,806%","-0,597%","74,17","-2,99%","74,17","-2,99%",,
,,,,,,,,,,,,7/20/2011,"72,43","93,09","0,667%","0,627%","0,040%","74,17","-2,35%","74,17","-2,35%",,
,,,,,,,,,,,,7/21/2011,"72,86","93,34","0,594%","0,269%","0,325%","74,17","-1,77%","74,17","-1,77%",,
,,,,,,,,,,,,7/22/2011,"73,25","93,7","0,535%","0,386%","0,150%","74,17","-1,24%","74,17","-1,24%",,
,,,,,,,,,,,,7/25/2011,"73,65","93,34","0,546%","-0,384%","0,930%","74,17","-0,70%","74,17","-0,70%",,
,,,,,,,,,,,,7/26/2011,"73,56","92,61","-0,122%","-0,782%","0,660%","74,17","-0,82%","74,17","-0,82%",,
,,,,,,,,,,,,7/27/2011,"73,42","91,98","-0,190%","-0,680%","0,490%","74,17","-1,01%","74,17","-1,01%",,
,,,,,,,,,,,,7/28/2011,"73,33","92,19","-0,123%","0,228%","-0,351%","74,17","-1,13%","74,17","-1,13%",,
,,,,,,,,,,,,7/29/2011,"73,05","91,06","-0,382%","-1,226%","0,844%","74,17","-1,51%","74,17","-1,51%",,
,,,,,,,,,,,,8/1/2011,"72,64","90,43","-0,561%","-0,692%","0,131%","74,17","-2,06%","74,17","-2,06%",,
,,,,,,,,,,,,8/2/2011,"71,64","89,8","-1,377%","-0,697%","-0,680%","74,17","-3,41%","74,17","-3,41%",,
,,,,,,,,,,,,8/3/2011,"70,53","87,43","-1,549%","-2,639%","1,090%","74,17","-4,91%","74,17","-4,91%",,
,,,,,,,,,,,,8/4/2011,"68,56","85,96","-2,793%","-1,681%","-1,112%","74,17","-7,56%","74,17","-7,56%",,
,,,,,,,,,,,,8/5/2011,"67,63","83,4","-1,356%","-2,978%","1,622%","74,17","-8,82%","74,17","-8,82%",,
,,,,,,,,,,,,8/8/2011,"65,099","80,47","-3,742%","-3,513%","-0,229%","74,17","-12,23%","74,17","-12,23%",,
,,,,,,,,,,,,8/9/2011,"66,36","80,61","1,937%","0,174%","1,763%","74,17","-10,53%","74,17","-10,53%",,
,,,,,,,,,,,,8/10/2011,"65,08","79,77","-1,929%","-1,042%","-0,887%","74,17","-12,26%","74,17","-12,26%",,
,,,,,,,,,,,,8/11/2011,"66,25","80,8","1,798%","1,291%","0,507%","74,17","-10,68%","74,17","-10,68%",,
,,,,,,,,,,,,8/12/2011,"67,65","83,27","2,113%","3,057%","-0,944%","74,17","-8,79%","74,17","-8,79%",,
,,,,,,,,,,,,8/15/2011,"67,8","82,73","0,222%","-0,648%","0,870%","74,17","-8,59%","74,17","-8,59%",,
,,,,,,,,,,,,8/16/2011,"67,81","83,02","0,015%","0,351%","-0,336%","74,17","-8,57%","74,17","-8,57%",,
,,,,,,,,,,,,8/17/2011,"68,02","83,28","0,310%","0,313%","-0,003%","74,17","-8,29%","74,17","-8,29%",,
,,,,,,,,,,,,8/18/2011,"65,84","79,93","-3,205%","-4,023%","0,818%","74,17","-11,23%","74,17","-11,23%",,
,,,,,,,,,,,,8/19/2011,"65,069","78,93","-1,171%","-1,251%","0,080%","74,17","-12,27%","74,17","-12,27%",,
,,,,,,,,,,,,8/22/2011,"65,489","78,98","0,645%","0,063%","0,582%","74,17","-11,70%","74,17","-11,70%",,
,,,,,,,,,,,,8/23/2011,"66,02","79,65","0,811%","0,848%","-0,037%","74,17","-10,99%","74,17","-10,99%",,
,,,,,,,,,,,,8/24/2011,"66,34","80,76","0,485%","1,394%","-0,909%","74,17","-10,56%","74,17","-10,56%",,
,,,,,,,,,,,,8/25/2011,"65,76","80,68","-0,874%","-0,099%","-0,775%","74,17","-11,34%","74,17","-11,34%",,
,,,,,,,,,,,,8/26/2011,"65,67","80,33","-0,137%","-0,434%","0,297%","74,17","-11,46%","74,17","-11,46%",,
,,,,,,,,,,,,8/29/2011,"66,18","82,07","0,777%","2,166%","-1,389%","74,17","-10,77%","74,17","-10,77%",,
,,,,,,,,,,,,8/30/2011,"66,47","82,84","0,438%","0,938%","-0,500%","74,17","-10,38%","74,17","-10,38%",,
,,,,,,,,,,,,8/31/2011,"67,96","84,29","2,242%","1,750%","0,491%","74,17","-8,37%","74,17","-8,37%",,
,,,,,,,,,,,,9/1/2011,"68,67","85,04","1,045%","0,890%","0,155%","74,17","-7,42%","74,17","-7,42%",,
,,,,,,,,,,,,9/2/2011,"67,94","82,87","-1,063%","-2,552%","1,489%","74,17","-8,40%","74,17","-8,40%",,
,,,,,,,,,,,,9/5/2011,"65,84","80,45","-3,091%","-2,920%","-0,171%","74,17","-11,23%","74,17","-11,23%",,
,,,,,,,,,,,,9/6/2011,"65,62","81,06","-0,334%","0,758%","-1,092%","74,17","-11,53%","74,17","-11,53%",,
,,,,,,,,,,,,9/7/2011,"67,23","83,18","2,454%","2,615%","-0,162%","74,17","-9,36%","74,17","-9,36%",,
,,,,,,,,,,,,9/8/2011,"67,51","84,38","0,416%","1,443%","-1,026%","74,17","-8,98%","74,17","-8,98%",,
,,,,,,,,,,,,9/9/2011,"66,51","83,16","-1,481%","-1,446%","-0,035%","74,17","-10,33%","74,17","-10,33%",,
,,,,,,,,,,,,9/12/2011,"65,23","81,8","-1,925%","-1,635%","-0,289%","74,17","-12,05%","74,17","-12,05%",,
,,,,,,,,,,,,9/13/2011,"65,04","82,57","-0,291%","0,941%","-1,233%","74,17","-12,31%","74,17","-12,31%",,
,,,,,,,,,,,,9/14/2011,"65,85","83,42","1,245%","1,029%","0,216%","74,17","-11,22%","74,17","-11,22%",,
,,,,,,,,,,,,9/15/2011,"66,9","84,5","1,595%","1,295%","0,300%","74,17","-9,80%","74,17","-9,80%",,
,,,,,,,,,,,,9/16/2011,"67,31","85,08","0,613%","0,686%","-0,074%","74,17","-9,25%","74,17","-9,25%",,
,,,,,,,,,,,,9/19/2011,"66,21","84,35","-1,634%","-0,858%","-0,776%","74,17","-10,73%","74,17","-10,73%",,
,,,,,,,,,,,,9/20/2011,"67,42","85,75","1,828%","1,660%","0,168%","74,17","-9,10%","74,17","-9,10%",,
,,,,,,,,,,,,9/21/2011,"67,02","84,22","-0,593%","-1,784%","1,191%","74,17","-9,64%","74,17","-9,64%",,
,,,,,,,,,,,,9/22/2011,"64,739","80,72","-3,403%","-4,156%","0,752%","74,17","-12,72%","74,17","-12,72%",,
,,,,,,,,,,,,9/23/2011,"64,72","80,86","-0,029%","0,173%","-0,203%","74,17","-12,74%","74,17","-12,74%",,
,,,,,,,,,,,,9/26/2011,"65,55","81,68","1,282%","1,014%","0,268%","74,17","-11,62%","74,17","-11,62%",,
,,,,,,,,,,,,9/27/2011,"67,33","84,67","2,715%","3,661%","-0,945%","74,17","-9,22%","74,17","-9,22%",,
,,,,,,,,,,,,9/28/2011,"67,12","83,39","-0,312%","-1,512%","1,200%","74,17","-9,51%","74,17","-9,51%",,
,,,,,,,,,,,,9/29/2011,"67,27","82,97","0,223%","-0,504%","0,727%","74,17","-9,30%","74,17","-9,30%",,
,,,,,,,,,,,,9/30/2011,"66,39",83,"-1,308%","0,036%","-1,344%","74,17","-10,49%","74,17","-10,49%",,
,,,,,,,,,,,,10/3/2011,"65,77","82,46","-0,934%","-0,651%","-0,283%","74,17","-11,33%","74,17","-11,33%",,
,,,,,,,,,,,,10/4/2011,"64,67","79,88","-1,672%","-3,129%","1,456%","74,17","-12,81%","74,17","-12,81%",,
,,,,,,,,,,,,10/5/2011,"65,47","82,25","1,237%","2,967%","-1,730%","74,17","-11,73%","74,17","-11,73%",,
,,,,,,,,,,,,10/6/2011,"66,2","83,7","1,115%","1,763%","-0,648%","74,17","-10,75%","74,17","-10,75%",,
,,,,,,,,,,,,10/7/2011,"66,63",84,"0,650%","0,358%","0,291%","74,17","-10,17%","74,17","-10,17%",,
,,,,,,,,,,,,10/10/2011,"67,44","84,81","1,216%","0,964%","0,251%","74,17","-9,07%","74,17","-9,07%",,
,,,,,,,,,,,,10/11/2011,"67,22","85,22","-0,326%","0,483%","-0,810%","74,17","-9,37%","74,17","-9,37%",,
,,,,,,,,,,,,10/12/2011,"67,78","85,7","0,833%","0,563%","0,270%","74,17","-8,62%","74,17","-8,62%",,
,,,,,,,,,,,,10/13/2011,"67,62","84,95","-0,236%","-0,875%","0,639%","74,17","-8,83%","74,17","-8,83%",,
,,,,,,,,,,,,10/14/2011,"68,18","85,46","0,828%","0,600%","0,228%","74,17","-8,08%","74,17","-8,08%",,
,,,,,,,,,,,,10/17/2011,"67,7","85,74","-0,704%","0,328%","-1,032%","74,17","-8,72%","74,17","-8,72%",,
,,,,,,,,,,,,10/18/2011,"68,07","85,41","0,547%","-0,385%","0,931%","74,17","-8,22%","74,17","-8,22%",,
,,,,,,,,,,,,10/19/2011,"68,02","86,21","-0,073%","0,937%","-1,010%","74,17","-8,29%","74,17","-8,29%",,
,,,,,,,,,,,,10/20/2011,"67,76",85,"-0,382%","-1,404%","1,021%","74,17","-8,64%","74,17","-8,64%",,
,,,,,,,,,,,,10/21/2011,"69,29","86,19","2,258%","1,400%","0,858%","74,17","-6,58%","74,17","-6,58%",,
,,,,,,,,,,,,10/24/2011,"69,63","87,2","0,491%","1,172%","-0,681%","74,17","-6,12%","74,17","-6,12%",,
,,,,,,,,,,,,10/25/2011,"69,56","86,64","-0,101%","-0,642%","0,542%","74,17","-6,22%","74,17","-6,22%",,
,,,,,,,,,,,,10/26/2011,"69,91","86,38","0,503%","-0,300%","0,803%","74,17","-5,74%","74,17","-5,74%",,
,,,,,,,,,,,,10/27/2011,"71,29","88,35","1,974%","2,281%","-0,307%","74,17","-3,88%","74,17","-3,88%",,
,,,,,,,,,,,,10/28/2011,"71,34","88,68","0,070%","0,374%","-0,303%","74,17","-3,82%","74,17","-3,82%",,
,,,,,,,,,,,,10/31/2011,"71,34","88,01","0,000%","-0,756%","0,756%","74,17","-3,82%","74,17","-3,82%",,
,,,,,,,,,,,,11/1/2011,"68,75","85,9","-3,631%","-2,397%","-1,233%","74,17","-7,31%","74,17","-7,31%",,
,,,,,,,,,,,,11/2/2011,"68,92","86,59","0,247%","0,803%","-0,556%","74,17","-7,08%","74,17","-7,08%",,
,,,,,,,,,,,,11/3/2011,"69,93","87,91","1,465%","1,524%","-0,059%","74,17","-5,72%","74,17","-5,72%",,
,,,,,,,,,,,,11/4/2011,"69,83","87,41","-0,143%","-0,569%","0,426%","74,17","-5,85%","74,17","-5,85%",,
,,,,,,,,,,,,11/7/2011,"69,34","87,28","-0,702%","-0,149%","-0,553%","74,17","-6,51%","74,17","-6,51%",,
,,,,,,,,,,,,11/8/2011,"69,89","87,96","0,793%","0,779%","0,014%","74,17","-5,77%","74,17","-5,77%",,
,,,,,,,,,,,,11/9/2011,"68,97","87,65","-1,316%","-0,352%","-0,964%","74,17","-7,01%","74,17","-7,01%",,
,,,,,,,,,,,,11/10/2011,"68,97","87,01","0,000%","-0,730%","0,730%","74,17","-7,01%","74,17","-7,01%",,
,,,,,,,,,,,,11/11/2011,"69,61","88,17","0,928%","1,333%","-0,405%","74,17","-6,15%","74,17","-6,15%",,
,,,,,,,,,,,,11/14/2011,"69,26","88,26","-0,503%","0,102%","-0,605%","74,17","-6,62%","74,17","-6,62%",,
,,,,,,,,,,,,11/15/2011,"69,12","87,88","-0,202%","-0,431%","0,228%","74,17","-6,81%","74,17","-6,81%",,
,,,,,,,,,,,,11/16/2011,"69,18","88,47","0,087%","0,671%","-0,585%","74,17","-6,73%","74,17","-6,73%",,
,,,,,,,,,,,,11/17/2011,69,"86,95","-0,260%","-1,718%","1,458%","74,17","-6,97%","74,17","-6,97%",,
,,,,,,,,,,,,11/18/2011,"68,53","86,08","-0,681%","-1,001%","0,319%","74,17","-7,60%","74,17","-7,60%",,
,,,,,,,,,,,,11/21/2011,"67,24","83,64","-1,882%","-2,835%","0,952%","74,17","-9,34%","74,17","-9,34%",,
,,,,,,,,,,,,11/22/2011,"67,17","83,49","-0,104%","-0,179%","0,075%","74,17","-9,44%","74,17","-9,44%",,
,,,,,,,,,,,,11/23/2011,"66,36","82,81","-1,206%","-0,814%","-0,391%","74,17","-10,53%","74,17","-10,53%",,
,,,,,,,,,,,,11/24/2011,"66,13","82,65","-0,347%","-0,193%","-0,153%","74,17","-10,84%","74,17","-10,84%",,
,,,,,,,,,,,,11/25/2011,"66,38","83,62","0,378%","1,174%","-0,796%","74,17","-10,50%","74,17","-10,50%",,
,,,,,,,,,,,,11/28/2011,"67,92","85,6","2,320%","2,368%","-0,048%","74,17","-8,43%","74,17","-8,43%",,
,,,,,,,,,,,,11/29/2011,"68,55","86,15","0,928%","0,643%","0,285%","74,17","-7,58%","74,17","-7,58%",,
,,,,,,,,,,,,11/30/2011,"70,44","88,46","2,757%","2,681%","0,076%","74,17","-5,03%","74,17","-5,03%",,
,,,,,,,,,,,,12/1/2011,"70,2","88,25","-0,341%","-0,237%","-0,103%","74,17","-5,35%","74,17","-5,35%",,
,,,,,,,,,,,,12/2/2011,"70,03","89,53","-0,242%","1,450%","-1,693%","74,17","-5,58%","74,17","-5,58%",,
,,,,,,,,,,,,12/5/2011,"70,09","89,89","0,086%","0,402%","-0,316%","74,17","-5,50%","74,17","-5,50%",,
,,,,,,,,,,,,12/6/2011,"70,13","89,57","0,057%","-0,356%","0,413%","74,17","-5,45%","74,17","-5,45%",,
,,,,,,,,,,,,12/7/2011,"70,24","88,76","0,157%","-0,904%","1,061%","74,17","-5,30%","74,17","-5,30%",,
,,,,,,,,,,,,12/8/2011,"69,63","88,17","-0,868%","-0,665%","-0,204%","74,17","-6,12%","74,17","-6,12%",,
,,,,,,,,,,,,12/9/2011,"70,07","88,69","0,632%","0,590%","0,042%","74,17","-5,53%","74,17","-5,53%",,
,,,,,,,,,,,,12/12/2011,"69,49","87,94","-0,828%","-0,846%","0,018%","74,17","-6,31%","74,17","-6,31%",,
,,,,,,,,,,,,12/13/2011,"69,57","89,01","0,115%","1,217%","-1,102%","74,17","-6,20%","74,17","-6,20%",,
,,,,,,,,,,,,12/14/2011,"68,76","87,38","-1,164%","-1,831%","0,667%","74,17","-7,29%","74,17","-7,29%",,
,,,,,,,,,,,,12/15/2011,"69,18","87,95","0,611%","0,652%","-0,042%","74,17","-6,73%","74,17","-6,73%",,
,,,,,,,,,,,,12/16/2011,"68,75","87,79","-0,622%","-0,182%","-0,440%","74,17","-7,31%","74,17","-7,31%",,
,,,,,,,,,,,,12/19/2011,"68,98","87,43","0,335%","-0,410%","0,745%","74,17","-7,00%","74,17","-7,00%",,
,,,,,,,,,,,,12/20/2011,"69,76","88,62","1,131%","1,361%","-0,230%","74,17","-5,95%","74,17","-5,95%",,
,,,,,,,,,,,,12/21/2011,"69,22","88,66","-0,774%","0,045%","-0,819%","74,17","-6,67%","74,17","-6,67%",,
,,,,,,,,,,,,12/22/2011,"69,39","89,69","0,246%","1,162%","-0,916%","74,17","-6,44%","74,17","-6,44%",,
,,,,,,,,,,,,12/23/2011,"70,17","90,39","1,124%","0,780%","0,344%","74,17","-5,39%","74,17","-5,39%",,
,,,,,,,,,,,,12/26/2011,"70,17","90,39","0,000%","0,000%","0,000%","74,17","-5,39%","74,17","-5,39%",,
,,,,,,,,,,,,12/27/2011,"70,18","90,61","0,014%","0,243%","-0,229%","74,17","-5,38%","74,17","-5,38%",,
,,,,,,,,,,,,12/28/2011,"70,33","89,95","0,214%","-0,728%","0,942%","74,17","-5,18%","74,17","-5,18%",,
,,,,,,,,,,,,12/29/2011,"70,89","90,79","0,796%","0,934%","-0,138%","74,17","-4,42%","74,17","-4,42%",,
,,,,,,,,,,,,12/30/2011,"71,25","91,09","0,508%","0,330%","0,177%","74,17","-3,94%","74,17","-3,94%","71,25",
,,,,,,,,,,,,1/2/2012,"71,82","93,03","0,800%","2,130%","-1,330%","74,17","-3,17%",,,"71,82","0,00%"
,,,,,,,,,,,,1/3/2012,"72,42","92,6","0,835%","-0,462%","1,298%","74,17","-2,36%",,,"72,42","0,00%"
,,,,,,,,,,,,1/4/2012,72,"92,6","-0,580%","0,000%","-0,580%","74,17","-2,93%",,,"72,42","-0,58%"
,,,,,,,,,,,,1/5/2012,"71,8","93,16","-0,278%","0,605%","-0,883%","74,17","-3,20%",,,"72,42","-0,86%"
,,,,,,,,,,,,1/6/2012,"71,83","93,71","0,042%","0,590%","-0,549%","74,17","-3,15%",,,"72,42","-0,81%"
,,,,,,,,,,,,1/9/2012,"72,35","93,21","0,724%","-0,534%","1,257%","74,17","-2,45%",,,"72,42","-0,10%"
,,,,,,,,,,,,1/10/2012,"72,92","94,55","0,788%","1,438%","-0,650%","74,17","-1,69%",,,"72,92","0,00%"
,,,,,,,,,,,,1/11/2012,"72,47","94,54","-0,617%","-0,011%","-0,607%","74,17","-2,29%",,,"72,92","-0,62%"
,,,,,,,,,,,,1/12/2012,"72,09","93,84","-0,524%","-0,740%","0,216%","74,17","-2,80%",,,"72,92","-1,14%"
,,,,,,,,,,,,1/13/2012,"72,09","94,56","0,000%","0,767%","-0,767%","74,17","-2,80%",,,"72,92","-1,14%"
,,,,,,,,,,,,1/16/2012,"72,54","95,2","0,624%","0,677%","-0,053%","74,17","-2,20%",,,"72,92","-0,52%"
,,,,,,,,,,,,1/17/2012,"72,91","95,28","0,510%","0,084%","0,426%","74,17","-1,70%",,,"72,92","-0,01%"
,,,,,,,,,,,,1/18/2012,"73,21","94,86","0,411%","-0,441%","0,852%","74,17","-1,29%",,,"73,21","0,00%"
,,,,,,,,,,,,1/19/2012,"73,46","95,69","0,341%","0,875%","-0,533%","74,17","-0,96%",,,"73,46","0,00%"
,,,,,,,,,,,,1/20/2012,"73,3","95,3","-0,218%","-0,408%","0,190%","74,17","-1,17%",,,"73,46","-0,22%"
,,,,,,,,,,,,1/23/2012,"73,27","95,33","-0,041%","0,031%","-0,072%","74,17","-1,21%",,,"73,46","-0,26%"
,,,,,,,,,,,,1/24/2012,"73,2","95,2","-0,096%","-0,136%","0,041%","74,17","-1,31%",,,"73,46","-0,35%"
,,,,,,,,,,,,1/25/2012,"73,01","95,22","-0,260%","0,021%","-0,281%","74,17","-1,56%",,,"73,46","-0,61%"
,,,,,,,,,,,,1/26/2012,"73,62","95,36","0,836%","0,147%","0,688%","74,17","-0,74%",,,"73,62","0,00%"
,,,,,,,,,,,,1/27/2012,"72,99","94,62","-0,856%","-0,776%","-0,080%","74,17","-1,59%",,,"73,62","-0,86%"
,,,,,,,,,,,,1/30/2012,"72,7","94,31","-0,397%","-0,328%","-0,070%","74,17","-1,98%",,,"73,62","-1,25%"
,,,,,,,,,,,,1/31/2012,"73,08","94,69","0,523%","0,403%","0,120%","74,17","-1,47%",,,"73,62","-0,73%"
,,,,,,,,,,,,2/1/2012,"74,18","95,41","1,505%","0,760%","0,745%","74,18","0,00%",,,"74,18","0,00%"
,,,,,,,,,,,,2/2/2012,"74,56","95,58","0,512%","0,178%","0,334%","74,56","0,00%",,,"74,56","0,00%"
,,,,,,,,,,,,2/3/2012,"75,54","97,09","1,314%","1,580%","-0,265%","75,54","0,00%",,,"75,54","0,00%"
,,,,,,,,,,,,2/6/2012,"75,31","97,07","-0,304%","-0,021%","-0,284%","75,54","-0,30%",,,"75,54","-0,30%"
,,,,,,,,,,,,2/7/2012,"75,36","96,45","0,066%","-0,639%","0,705%","75,54","-0,24%",,,"75,54","-0,24%"
,,,,,,,,,,,,2/8/2012,"75,11","96,48","-0,332%","0,031%","-0,363%","75,54","-0,57%",,,"75,54","-0,57%"
,,,,,,,,,,,,2/9/2012,"75,22","96,46","0,146%","-0,021%","0,167%","75,54","-0,42%",,,"75,54","-0,42%"
,,,,,,,,,,,,2/10/2012,"75,29","96,22","0,093%","-0,249%","0,342%","75,54","-0,33%",,,"75,54","-0,33%"
,,,,,,,,,,,,2/13/2012,"75,42","96,72","0,173%","0,520%","-0,347%","75,54","-0,16%",,,"75,54","-0,16%"
,,,,,,,,,,,,2/14/2012,"75,9","96,85","0,636%","0,134%","0,502%","75,9","0,00%",,,"75,9","0,00%"
,,,,,,,,,,,,2/15/2012,"76,62","97,97","0,949%","1,156%","-0,208%","76,62","0,00%",,,"76,62","0,00%"
,,,,,,,,,,,,2/16/2012,"76,43","97,76","-0,248%","-0,214%","-0,034%","76,62","-0,25%",,,"76,62","-0,25%"
,,,,,,,,,,,,2/17/2012,"76,42","98,09","-0,013%","0,338%","-0,351%","76,62","-0,26%",,,"76,62","-0,26%"
,,,,,,,,,,,,2/20/2012,"76,91",98,"0,641%","-0,092%","0,733%","76,91","0,00%",,,"76,91","0,00%"
,,,,,,,,,,,,2/21/2012,"76,71","97,75","-0,260%","-0,255%","-0,005%","76,91","-0,26%",,,"76,91","-0,26%"
,,,,,,,,,,,,2/22/2012,"76,67","97,52","-0,052%","-0,235%","0,183%","76,91","-0,31%",,,"76,91","-0,31%"
,,,,,,,,,,,,2/23/2012,"77,08","97,16","0,535%","-0,369%","0,904%","77,08","0,00%",,,"77,08","0,00%"
,,,,,,,,,,,,2/24/2012,"77,14","96,83","0,078%","-0,340%","0,417%","77,14","0,00%",,,"77,14","0,00%"
,,,,,,,,,,,,2/27/2012,"77,08","96,93","-0,078%","0,103%","-0,181%","77,14","-0,08%",,,"77,14","-0,08%"
,,,,,,,,,,,,2/28/2012,"77,43","97,22","0,454%","0,299%","0,155%","77,43","0,00%",,,"77,43","0,00%"
,,,,,,,,,,,,2/29/2012,"77,53","97,43","0,129%","0,216%","-0,087%","77,53","0,00%",,,"77,53","0,00%"
,,,,,,,,,,,,3/1/2012,"78,13",98,"0,774%","0,585%","0,189%","78,13","0,00%",,,"78,13","0,00%"
,,,,,,,,,,,,3/2/2012,"78,06","98,66","-0,090%","0,673%","-0,763%","78,13","-0,09%",,,"78,13","-0,09%"
,,,,,,,,,,,,3/5/2012,"78,29","97,55","0,295%","-1,125%","1,420%","78,29","0,00%",,,"78,29","0,00%"
,,,,,,,,,,,,3/6/2012,"76,8","96,62","-1,903%","-0,953%","-0,950%","78,29","-1,90%",,,"78,29","-1,90%"
,,,,,,,,,,,,3/7/2012,"77,38","97,07","0,755%","0,466%","0,289%","78,29","-1,16%",,,"78,29","-1,16%"
,,,,,,,,,,,,3/8/2012,"78,31","97,57","1,202%","0,515%","0,687%","78,31","0,00%",,,"78,31","0,00%"
,,,,,,,,,,,,3/9/2012,"79,14","98,94","1,060%","1,404%","-0,344%","79,14","0,00%",,,"79,14","0,00%"
,,,,,,,,,,,,3/12/2012,"79,31","98,29","0,215%","-0,657%","0,872%","79,31","0,00%",,,"79,31","0,00%"
,,,,,,,,,,,,3/13/2012,"79,94","99,7","0,794%","1,435%","-0,640%","79,94","0,00%",,,"79,94","0,00%"
,,,,,,,,,,,,3/14/2012,80,"100,65","0,075%","0,953%","-0,878%",80,"0,00%",,,80,"0,00%"
,,,,,,,,,,,,3/15/2012,"80,21","100,77","0,262%","0,119%","0,143%","80,21","0,00%",,,"80,21","0,00%"
,,,,,,,,,,,,3/16/2012,"80,5","100,56","0,362%","-0,208%","0,570%","80,5","0,00%",,,"80,5","0,00%"
,,,,,,,,,,,,3/19/2012,"80,34","100,4","-0,199%","-0,159%","-0,040%","80,5","-0,20%",,,"80,5","-0,20%"
,,,,,,,,,,,,3/20/2012,"80,05","99,57","-0,361%","-0,827%","0,466%","80,5","-0,56%",,,"80,5","-0,56%"
,,,,,,,,,,,,3/21/2012,"80,22","99,91","0,212%","0,341%","-0,129%","80,5","-0,35%",,,"80,5","-0,35%"
,,,,,,,,,,,,3/22/2012,"79,92","98,98","-0,374%","-0,931%","0,557%","80,5","-0,72%",,,"80,5","-0,72%"
,,,,,,,,,,,,3/23/2012,"79,76","98,79","-0,200%","-0,192%","-0,008%","80,5","-0,92%",,,"80,5","-0,92%"
,,,,,,,,,,,,3/26/2012,"80,73","99,56","1,216%","0,779%","0,437%","80,73","0,00%",,,"80,73","0,00%"
,,,,,,,,,,,,3/27/2012,"80,52","99,76","-0,260%","0,201%","-0,461%","80,73","-0,26%",,,"80,73","-0,26%"
,,,,,,,,,,,,3/28/2012,"80,72","98,98","0,248%","-0,782%","1,030%","80,73","-0,01%",,,"80,73","-0,01%"
,,,,,,,,,,,,3/29/2012,"79,8","98,16","-1,140%","-0,828%","-0,311%","80,73","-1,15%",,,"80,73","-1,15%"
,,,,,,,,,,,,3/30/2012,"80,66","98,99","1,078%","0,846%","0,232%","80,73","-0,09%",,,"80,73","-0,09%"
,,,,,,,,,,,,4/2/2012,"81,96","99,97","1,612%","0,990%","0,622%","81,96","0,00%",,,"81,96","0,00%"
,,,,,,,,,,,,4/3/2012,"81,96","99,25","0,000%","-0,720%","0,720%","81,96","0,00%",,,"81,96","0,00%"
,,,,,,,,,,,,4/4/2012,80,"98,45","-2,391%","-0,806%","-1,585%","81,96","-2,39%",,,"81,96","-2,39%"
,,,,,,,,,,,,4/5/2012,"80,11","99,34","0,137%","0,904%","-0,767%","81,96","-2,26%",,,"81,96","-2,26%"
,,,,,,,,,,,,4/6/2012,"80,11","99,34","0,000%","0,000%","0,000%","81,96","-2,26%",,,"81,96","-2,26%"
,,,,,,,,,,,,4/9/2012,"80,11","99,34","0,000%","0,000%","0,000%","81,96","-2,26%",,,"81,96","-2,26%"
,,,,,,,,,,,,4/10/2012,"78,95","97,02","-1,448%","-2,335%","0,887%","81,96","-3,67%",,,"81,96","-3,67%"
,,,,,,,,,,,,4/11/2012,"79,16","97,11","0,266%","0,093%","0,173%","81,96","-3,42%",,,"81,96","-3,42%"
,,,,,,,,,,,,4/12/2012,"80,22","97,79","1,339%","0,700%","0,639%","81,96","-2,12%",,,"81,96","-2,12%"
,,,,,,,,,,,,4/13/2012,"79,42","97,38","-0,997%","-0,419%","-0,578%","81,96","-3,10%",,,"81,96","-3,10%"
,,,,,,,,,,,,4/16/2012,"80,04","97,29","0,781%","-0,092%","0,873%","81,96","-2,34%",,,"81,96","-2,34%"
,,,,,,,,,,,,4/17/2012,"80,81","98,49","0,962%","1,233%","-0,271%","81,96","-1,40%",,,"81,96","-1,40%"
,,,,,,,,,,,,4/18/2012,"80,73","98,39","-0,099%","-0,102%","0,003%","81,96","-1,50%",,,"81,96","-1,50%"
,,,,,,,,,,,,4/19/2012,"80,71","98,12","-0,025%","-0,274%","0,250%","81,96","-1,53%",,,"81,96","-1,53%"
,,,,,,,,,,,,4/20/2012,"80,76","97,8","0,062%","-0,326%","0,388%","81,96","-1,46%",,,"81,96","-1,46%"
,,,,,,,,,,,,4/23/2012,"79,33","96,49","-1,771%","-1,339%","-0,431%","81,96","-3,21%",,,"81,96","-3,21%"
,,,,,,,,,,,,4/24/2012,"79,72","96,95","0,492%","0,477%","0,015%","81,96","-2,73%",,,"81,96","-2,73%"
,,,,,,,,,,,,4/25/2012,"80,4","97,82","0,853%","0,897%","-0,044%","81,96","-1,90%",,,"81,96","-1,90%"
,,,,,,,,,,,,4/26/2012,"81,02","97,96","0,771%","0,143%","0,628%","81,96","-1,15%",,,"81,96","-1,15%"
,,,,,,,,,,,,4/27/2012,"80,95","98,5","-0,086%","0,551%","-0,638%","81,96","-1,23%",,,"81,96","-1,23%"
,,,,,,,,,,,,4/30/2012,"80,72","98,3","-0,284%","-0,203%","-0,081%","81,96","-1,51%",,,"81,96","-1,51%"
,,,,,,,,,,,,5/1/2012,"80,72","98,3","0,000%","0,000%","0,000%","81,96","-1,51%",,,"81,96","-1,51%"
,,,,,,,,,,,,5/2/2012,"81,27","98,54","0,681%","0,244%","0,437%","81,96","-0,84%",,,"81,96","-0,84%"
,,,,,,,,,,,,5/3/2012,"81,72","98,44","0,554%","-0,101%","0,655%","81,96","-0,29%",,,"81,96","-0,29%"
,,,,,,,,,,,,5/4/2012,"80,48","96,93","-1,517%","-1,534%","0,017%","81,96","-1,81%",,,"81,96","-1,81%"
,,,,,,,,,,,,5/7/2012,"80,7","97,37","0,273%","0,454%","-0,181%","81,96","-1,54%",,,"81,96","-1,54%"
,,,,,,,,,,,,5/8/2012,"79,57","95,98","-1,400%","-1,428%","0,027%","81,96","-2,92%",,,"81,96","-2,92%"
,,,,,,,,,,,,5/9/2012,"79,93","96,51","0,452%","0,552%","-0,100%","81,96","-2,48%",,,"81,96","-2,48%"
,,,,,,,,,,,,5/10/2012,"79,59","96,97","-0,425%","0,477%","-0,902%","81,96","-2,89%",,,"81,96","-2,89%"
,,,,,,,,,,,,5/11/2012,"80,5","97,26","1,143%","0,299%","0,844%","81,96","-1,78%",,,"81,96","-1,78%"
,,,,,,,,,,,,5/14/2012,"79,69","96,17","-1,006%","-1,121%","0,114%","81,96","-2,77%",,,"81,96","-2,77%"
,,,,,,,,,,,,5/15/2012,"79,82","96,19","0,163%","0,021%","0,142%","81,96","-2,61%",,,"81,96","-2,61%"
,,,,,,,,,,,,5/16/2012,"79,71","95,65","-0,138%","-0,561%","0,424%","81,96","-2,75%",,,"81,96","-2,75%"
,,,,,,,,,,,,5/17/2012,"79,27","94,79","-0,552%","-0,899%","0,347%","81,96","-3,28%",,,"81,96","-3,28%"
,,,,,,,,,,,,5/18/2012,"78,19","93,69","-1,362%","-1,160%","-0,202%","81,96","-4,60%",,,"81,96","-4,60%"
,,,,,,,,,,,,5/21/2012,"78,56","93,87","0,473%","0,192%","0,281%","81,96","-4,15%",,,"81,96","-4,15%"
,,,,,,,,,,,,5/22/2012,"79,53","95,31","1,235%","1,534%","-0,299%","81,96","-2,96%",,,"81,96","-2,96%"
,,,,,,,,,,,,5/23/2012,"78,34","94,27","-1,496%","-1,091%","-0,405%","81,96","-4,42%",,,"81,96","-4,42%"
,,,,,,,,,,,,5/24/2012,"79,01","95,51","0,855%","1,315%","-0,460%","81,96","-3,60%",,,"81,96","-3,60%"
,,,,,,,,,,,,5/25/2012,"79,01","95,94","0,000%","0,450%","-0,450%","81,96","-3,60%",,,"81,96","-3,60%"
,,,,,,,,,,,,5/28/2012,"79,68","96,09","0,848%","0,156%","0,692%","81,96","-2,78%",,,"81,96","-2,78%"
,,,,,,,,,,,,5/29/2012,"80,49","96,73","1,017%","0,666%","0,351%","81,96","-1,79%",,,"81,96","-1,79%"
,,,,,,,,,,,,5/30/2012,"79,41","96,15","-1,342%","-0,600%","-0,742%","81,96","-3,11%",,,"81,96","-3,11%"
,,,,,,,,,,,,5/31/2012,"79,33","95,8","-0,101%","-0,364%","0,263%","81,96","-3,21%",,,"81,96","-3,21%"
,,,,,,,,,,,,6/1/2012,"77,69","94,04","-2,067%","-1,837%","-0,230%","81,96","-5,21%",,,"81,96","-5,21%"
,,,,,,,,,,,,6/4/2012,"76,93","92,99","-0,978%","-1,117%","0,138%","81,96","-6,14%",,,"81,96","-6,14%"
,,,,,,,,,,,,6/5/2012,"77,16","93,79","0,299%","0,860%","-0,561%","81,96","-5,86%",,,"81,96","-5,86%"
,,,,,,,,,,,,6/6/2012,"78,36","95,52","1,555%","1,845%","-0,289%","81,96","-4,39%",,,"81,96","-4,39%"
,,,,,,,,,,,,6/7/2012,"79,27","96,02","1,161%","0,523%","0,638%","81,96","-3,28%",,,"81,96","-3,28%"
,,,,,,,,,,,,6/8/2012,"79,48","95,8","0,265%","-0,229%","0,494%","81,96","-3,03%",,,"81,96","-3,03%"
,,,,,,,,,,,,6/11/2012,"79,77","96,31","0,365%","0,532%","-0,167%","81,96","-2,67%",,,"81,96","-2,67%"
,,,,,,,,,,,,6/12/2012,"79,81","96,35","0,050%","0,042%","0,009%","81,96","-2,62%",,,"81,96","-2,62%"
,,,,,,,,,,,,6/13/2012,"80,45","96,01","0,802%","-0,353%","1,155%","81,96","-1,84%",,,"81,96","-1,84%"
,,,,,,,,,,,,6/14/2012,"80,25","95,88","-0,249%","-0,135%","-0,113%","81,96","-2,09%",,,"81,96","-2,09%"
,,,,,,,,,,,,6/15/2012,"80,13","96,41","-0,150%","0,553%","-0,702%","81,96","-2,23%",,,"81,96","-2,23%"
,,,,,,,,,,,,6/18/2012,"80,58","97,34","0,562%","0,965%","-0,403%","81,96","-1,68%",,,"81,96","-1,68%"
,,,,,,,,,,,,6/19/2012,"81,26","97,74","0,844%","0,411%","0,433%","81,96","-0,85%",,,"81,96","-0,85%"
,,,,,,,,,,,,6/20/2012,"81,3","97,87","0,049%","0,133%","-0,084%","81,96","-0,81%",,,"81,96","-0,81%"
,,,,,,,,,,,,6/21/2012,"81,23","97,76","-0,086%","-0,112%","0,026%","81,96","-0,89%",,,"81,96","-0,89%"
,,,,,,,,,,,,6/22/2012,"80,65","97,1","-0,714%","-0,675%","-0,039%","81,96","-1,60%",,,"81,96","-1,60%"
,,,,,,,,,,,,6/25/2012,"79,93","96,04","-0,893%","-1,092%","0,199%","81,96","-2,48%",,,"81,96","-2,48%"
,,,,,,,,,,,,6/26/2012,"79,92","96,19","-0,013%","0,156%","-0,169%","81,96","-2,49%",,,"81,96","-2,49%"
,,,,,,,,,,,,6/27/2012,"80,71","97,68","0,988%","1,549%","-0,561%","81,96","-1,53%",,,"81,96","-1,53%"
,,,,,,,,,,,,6/28/2012,"80,31","97,16","-0,496%","-0,532%","0,037%","81,96","-2,01%",,,"81,96","-2,01%"
,,,,,,,,,,,,6/29/2012,"82,29","98,49","2,465%","1,369%","1,097%","82,29","0,00%",,,"82,29","0,00%"
,,,,,,,,,,,,7/2/2012,"82,75","99,38","0,559%","0,904%","-0,345%","82,75","0,00%",,,"82,75","0,00%"
,,,,,,,,,,,,7/3/2012,"83,55","100,56","0,967%","1,187%","-0,221%","83,55","0,00%",,,"83,55","0,00%"
,,,,,,,,,,,,7/4/2012,"83,45","100,37","-0,120%","-0,189%","0,069%","83,55","-0,12%",,,"83,55","-0,12%"
,,,,,,,,,,,,7/5/2012,"83,35","101,55","-0,120%","1,176%","-1,295%","83,55","-0,24%",,,"83,55","-0,24%"
,,,,,,,,,,,,7/6/2012,"82,71","100,72","-0,768%","-0,817%","0,049%","83,55","-1,01%",,,"83,55","-1,01%"
,,,,,,,,,,,,7/9/2012,"82,15","100,4","-0,677%","-0,318%","-0,359%","83,55","-1,68%",,,"83,55","-1,68%"
,,,,,,,,,,,,7/10/2012,"82,67","101,08","0,633%","0,677%","-0,044%","83,55","-1,05%",,,"83,55","-1,05%"
,,,,,,,,,,,,7/11/2012,"82,62","99,36","-0,060%","-1,702%","1,641%","83,55","-1,11%",,,"83,55","-1,11%"
,,,,,,,,,,,,7/12/2012,"82,07","98,56","-0,666%","-0,805%","0,139%","83,55","-1,77%",,,"83,55","-1,77%"
,,,,,,,,,,,,7/13/2012,"82,81","99,77","0,902%","1,228%","-0,326%","83,55","-0,89%",,,"83,55","-0,89%"
,,,,,,,,,,,,7/16/2012,"82,96","99,69","0,181%","-0,080%","0,261%","83,55","-0,71%",,,"83,55","-0,71%"
,,,,,,,,,,,,7/17/2012,"82,99","99,72","0,036%","0,030%","0,006%","83,55","-0,67%",,,"83,55","-0,67%"
,,,,,,,,,,,,7/18/2012,"84,03","100,8","1,253%","1,083%","0,170%","84,03","0,00%",,,"84,03","0,00%"
,,,,,,,,,,,,7/19/2012,"85,16","101,45","1,345%","0,645%","0,700%","85,16","0,00%",,,"85,16","0,00%"
,,,,,,,,,,,,7/20/2012,"84,51","100,92","-0,763%","-0,522%","-0,241%","85,16","-0,76%",,,"85,16","-0,76%"
,,,,,,,,,,,,7/23/2012,"82,59","99,26","-2,272%","-1,645%","-0,627%","85,16","-3,02%",,,"85,16","-3,02%"
,,,,,,,,,,,,7/24/2012,"82,54","99,55","-0,061%","0,292%","-0,353%","85,16","-3,08%",,,"85,16","-3,08%"
,,,,,,,,,,,,7/25/2012,"82,96","98,73","0,509%","-0,824%","1,333%","85,16","-2,58%",,,"85,16","-2,58%"
,,,,,,,,,,,,7/26/2012,"84,7","99,63","2,097%","0,912%","1,186%","85,16","-0,54%",,,"85,16","-0,54%"
,,,,,,,,,,,,7/27/2012,"85,64","100,63","1,110%","1,004%","0,106%","85,64","0,00%",,,"85,64","0,00%"
,,,,,,,,,,,,7/30/2012,"86,25","102,04","0,712%","1,401%","-0,689%","86,25","0,00%",,,"86,25","0,00%"
,,,,,,,,,,,,7/31/2012,"85,53","101,49","-0,835%","-0,539%","-0,296%","86,25","-0,83%",,,"86,25","-0,83%"
,,,,,,,,,,,,8/1/2012,"85,72","101,7","0,222%","0,207%","0,015%","86,25","-0,61%",,,"86,25","-0,61%"
,,,,,,,,,,,,8/2/2012,"84,9","101,24","-0,957%","-0,452%","-0,504%","86,25","-1,57%",,,"86,25","-1,57%"
,,,,,,,,,,,,8/3/2012,"86,67","102,04","2,085%","0,790%","1,295%","86,67","0,00%",,,"86,67","0,00%"
,,,,,,,,,,,,8/6/2012,"86,87","102,24","0,231%","0,196%","0,035%","86,87","0,00%",,,"86,87","0,00%"
,,,,,,,,,,,,8/7/2012,"86,74","102,81","-0,150%","0,558%","-0,707%","86,87","-0,15%",,,"86,87","-0,15%"
,,,,,,,,,,,,8/8/2012,"86,59","103,27","-0,173%","0,447%","-0,620%","86,87","-0,32%",,,"86,87","-0,32%"
,,,,,,,,,,,,8/9/2012,"86,73","103,8","0,162%","0,513%","-0,352%","86,87","-0,16%",,,"86,87","-0,16%"
,,,,,,,,,,,,8/10/2012,"86,32","103,49","-0,473%","-0,299%","-0,174%","86,87","-0,63%",,,"86,87","-0,63%"
,,,,,,,,,,,,8/13/2012,"86,16","103,04","-0,185%","-0,435%","0,249%","86,87","-0,82%",,,"86,87","-0,82%"
,,,,,,,,,,,,8/14/2012,"86,76","103,66","0,696%","0,602%","0,095%","86,87","-0,13%",,,"86,87","-0,13%"
,,,,,,,,,,,,8/15/2012,"86,87","103,79","0,127%","0,125%","0,001%","86,87","0,00%",,,"86,87","0,00%"
,,,,,,,,,,,,8/16/2012,"86,88","104,05","0,012%","0,251%","-0,239%","86,88","0,00%",,,"86,88","0,00%"
,,,,,,,,,,,,8/17/2012,"86,84","104,64","-0,046%","0,567%","-0,613%","86,88","-0,05%",,,"86,88","-0,05%"
,,,,,,,,,,,,8/20/2012,"87,05","104,38","0,242%","-0,248%","0,490%","87,05","0,00%",,,"87,05","0,00%"
,,,,,,,,,,,,8/21/2012,"87,64","104,06","0,678%","-0,307%","0,984%","87,64","0,00%",,,"87,64","0,00%"
,,,,,,,,,,,,8/22/2012,"86,4","103,12","-1,415%","-0,903%","-0,512%","87,64","-1,41%",,,"87,64","-1,41%"
,,,,,,,,,,,,8/23/2012,"86,13","102,12","-0,313%","-0,970%","0,657%","87,64","-1,72%",,,"87,64","-1,72%"
,,,,,,,,,,,,8/24/2012,"86,61","102,31","0,557%","0,186%","0,371%","87,64","-1,18%",,,"87,64","-1,18%"
,,,,,,,,,,,,8/27/2012,"87,17","103,05","0,647%","0,723%","-0,077%","87,64","-0,54%",,,"87,64","-0,54%"
,,,,,,,,,,,,8/28/2012,"86,53","102,12","-0,734%","-0,902%","0,168%","87,64","-1,27%",,,"87,64","-1,27%"
,,,,,,,,,,,,8/29/2012,"86,51","102,35","-0,023%","0,225%","-0,248%","87,64","-1,29%",,,"87,64","-1,29%"
,,,,,,,,,,,,8/30/2012,"86,3","101,72","-0,243%","-0,616%","0,373%","87,64","-1,53%",,,"87,64","-1,53%"
,,,,,,,,,,,,8/31/2012,"86,82","102,01","0,603%","0,285%","0,317%","87,64","-0,94%",,,"87,64","-0,94%"
,,,,,,,,,,,,9/3/2012,"87,34","101,64","0,599%","-0,363%","0,962%","87,64","-0,34%",,,"87,64","-0,34%"
,,,,,,,,,,,,9/4/2012,"86,37","101,27","-1,111%","-0,364%","-0,747%","87,64","-1,45%",,,"87,64","-1,45%"
,,,,,,,,,,,,9/5/2012,"87,19","101,11","0,949%","-0,158%","1,107%","87,64","-0,51%",,,"87,64","-0,51%"
,,,,,,,,,,,,9/6/2012,"88,68","102,99","1,709%","1,859%","-0,150%","88,68","0,00%",,,"88,68","0,00%"
,,,,,,,,,,,,9/7/2012,"87,57","102,63","-1,252%","-0,350%","-0,902%","88,68","-1,25%",,,"88,68","-1,25%"
,,,,,,,,,,,,9/10/2012,"87,13","102,41","-0,502%","-0,214%","-0,288%","88,68","-1,75%",,,"88,68","-1,75%"
,,,,,,,,,,,,9/11/2012,"87,01","102,4","-0,138%","-0,010%","-0,128%","88,68","-1,88%",,,"88,68","-1,88%"
,,,,,,,,,,,,9/12/2012,"86,6","102,36","-0,471%","-0,039%","-0,432%","88,68","-2,35%",,,"88,68","-2,35%"
,,,,,,,,,,,,9/13/2012,"86,6","102,22","0,000%","-0,137%","0,137%","88,68","-2,35%",,,"88,68","-2,35%"
,,,,,,,,,,,,9/14/2012,"86,92","102,83","0,370%","0,597%","-0,227%","88,68","-1,98%",,,"88,68","-1,98%"
,,,,,,,,,,,,9/17/2012,"86,83","102,66","-0,104%","-0,165%","0,062%","88,68","-2,09%",,,"88,68","-2,09%"
,,,,,,,,,,,,9/18/2012,"87,3","102,36","0,541%","-0,292%","0,834%","88,68","-1,56%",,,"88,68","-1,56%"
,,,,,,,,,,,,9/19/2012,"88,19","102,93","1,019%","0,557%","0,463%","88,68","-0,55%",,,"88,68","-0,55%"
,,,,,,,,,,,,9/20/2012,"88,55","102,99","0,408%","0,058%","0,350%","88,68","-0,15%",,,"88,68","-0,15%"
,,,,,,,,,,,,9/21/2012,"89,21","103,4","0,745%","0,398%","0,347%","89,21","0,00%",,,"89,21","0,00%"
,,,,,,,,,,,,9/24/2012,"88,84","103,28","-0,415%","-0,116%","-0,299%","89,21","-0,41%",,,"89,21","-0,41%"
,,,,,,,,,,,,9/25/2012,"89,34","103,56","0,563%","0,271%","0,292%","89,34","0,00%",,,"89,34","0,00%"